name,price,status,shipping,free_returns,items_sold
On Women's Cloudswift Sneakers 3 Pearl/Fog,9000,US W 5.5,1000,False,
adidas men VL Court 3.0 Shoes,3700,US M 9.5 + more,7500,True,
"Nike Air Jordan 5 Retro OG ""BLACK METALLIC REIMAGINED"" Men's Baketball Shoes",11999,US M 7 + more,1495,False,
adidas men Run 60s 2.0 Shoes,3200,US M 9 + more,6000,True,
Nike Air Max 95 OG Big Bubble Granite HM4740-007 Men's Size New,15499,US M 9 + more,17399,False,
New Balance 9060 Triple Black U9060BPM Men's Size New,11970,US M 9 + more,12600,False,
On Running Cloudtilt Black Eclipse 3ME10100264 Mens New,13347,US M 12.5 + more,14199,False,
Nike Air Jordan 13 Retro (2026) True Red Chicago 414571-102 Men's Sizes NEW,18499,US M 10.5 + more,1495,False,
Adidas Vario Pure White Black W,,,,False,
Adidas Racer TR23 Solid Grey Blue Burst,,,,False,
Adidas Grand Court Alpha Shadow Navy White W,,,,False,
Adidas Daily 4.0 Clay Black,,,,False,
Adidas Run 60s 2.0 Crew Navy,,,,False,
Adidas Run 60s 2.0 Grey Carbon,,,,False,
Adidas Grand Court 2.0 White Black,,,,False,
adidas Japan Bright Royal,,,,False,
Adidas Lite Racer Adapt 7.0 Black Grey,,,,False,
Nike Court Vision Next Nature Low Triple White,,,,False,
adidas VL Court 3.0 Core White Bright Royal Dark Blue Gum,,,,False,
Nike Court Vision Next Nature Low Triple Black,,,,False,
Nike Court Vision Low Black White,,,,False,
Adidas Lite Racer Adapt 4.0 Black White,,,,False,
Puma Reflect Lite Trail PURE-TEX Black Cool Dark Grey,,,,False,
Adidas Duramo SL Black Solar Red,,,,False,
Puma Inhale Black Green Glare,,,,False,
Adidas Daily 3.0 Dove Grey,,,,False,
Nike Revolution 7 Black White,,,,False,
Adidas Runfalcon 5 Triple White,,,,False,
adidas men Ultimashow Shoes,3800,US M 8.5 + more,5500,True,
adidas men Questar 3 Running Shoes,4200,US M 13 + more,7500,True,
Air Jordan 13 Retro True Red 2026 414571-102 Men Size,18900,US M 9.5 + more,1495,False,
adidas men Barreda Shoes,3800,US M 11 + more,6500,True,
adidas men VL Court 3.0 Shoes,3700,US M 8.5 + more,7500,True,
M-Tac Men's Summer Light Low Hiking Shoes Breathable Lightweight Trail Shoe,4207,US M 8 + more,4428,False,
Lululemon women's Light Creme/Beige chargefeel 2 low workout shoes,8300,US W 9.5,1764,False,
Saucony Men's Endorphin Pro 5 Citron | Black (All Sizes) NEW! ✨,20000,US M 11.5 + more,0,False,
Nike Air Jordan 4 Retro 'Lakers' Jordan 4  AJ4 Imperial Purple FV5029-500 Men's,23700,US M 11.5 + more,1495,False,
Air Jordan 5 “Wolf Grey” DD0587-002,27999,US M 7.5 + more,1495,False,
adidas men Streettalk,3800,US M 11 + more,7500,True,
Vans New Authentic Classic Sneakers Unisex Canvas Shoes,3999,US M 9.5 + more,,False,58+ sold
adidas men Run 84 Shoes,5600,US M 12 + more,8000,True,
adidas men Runfalcon 5 Running Shoes,3700,US M 11.5 + more,6500,True,
adidas men Advantage Shoes,3300,US M 9.5 + more,7000,True,
Nike Air Force 1 Low White '07 Mens White Sports Sneaker CW2288-111,11875,US M 12 + more,12500,False,
adidas women Ultimashow Shoes,3800,US W 7 + more,5500,True,
Nike Air Jordan 5 Retro Wolf Grey 2026 Men & GS Size,19997,US M 5 + more,1495,False,
Nike Air Jordan 3 Retro Family Affair Olive Green DN3707-202 Men's Shoes NEW,7500,US M 8 + more,1495,False,
adidas women Grand Court 2.0 Shoes,3500,US W 7 + more,7000,True,
shoes men,10000,Unbranded,,False,
NEW! - Size 5.5 Mens/ 7 Womens - Nike Book 1 Chapter 1 Ashen Slate/Multicolor,9500,Nike,1495,False,
Size 10 - Nike Air VaporMax Plus Current Blue,17500,Nike Air VaporMax,1495,False,
Best Servis Cheetah High Cut Sneakers Shoes All Sizes Available Black Colour,10000,US M 7 + more,0,False,
Jordan x Teyana Taylor Concrete Rose Air Jordan 3  US5-US15.5 Women's IF3097-300,29900,US M 7.5 + more,1495,False,
Air Jordan 4 Lakers Imperial Purple FV5029-500 Ship Now,24999,US M 10 + more,1495,False,
Nike Air Max 90 Drift Black Bright Ceramic IO1908-001 Men's Size New,11999,US M 11.5 + more,1495,False,
Running Shoes Sneakers Casual Men's Outdoor Athletic Jogging Sports Tennis Gym,1549,US M 7 + more,0,True,
Nike SB Dunk Low Pro Muni Fast Pass [Size 6-13 Men]*FAST SHIP* IR1888-800 orange,9900,US M 8 + more,1495,False,
Nike Air Max 95 OG Big Bubble Photon Dust Purple Dynasty HM4740-009 Men's NEW,11345,US M 10 + more,13199,False,
Converse Chuck Taylor All Star High Tops Classic White Women 7 Men 5,2800,US W 7,757,False,
"Palm Angels University Origin Suede ""Beige/Black"" Sneakers Size 39 (6M)",24999,Palm Angels,1273,False,
adidas women Grand Court Lo Shoes,3400,US W 11 + more,0,True,
Air Jordan 14 Retro Black University Blue 487471-007 Men Size,22999,US M 8.5 + more,1495,False,
NIke Air Max Torch 4 White Black Pure Platinum 343846 012 Men's Sneakers NEW,7990,US M 10 + more,1495,False,
Vans OLD SKOOL Unisex Canvas Sneakers Mens & Womens Skateboard Shoes,4999,US M 11.5 + more,,False,17+ sold
adidas women Advantage Shoes,3300,US W 8.5 + more,7000,True,
Air Jordan 5 Retro Wolf Grey 2026 DD0587-002 Men Size,26900,US M 8 + more,1495,False,
Air Jordan 6 “Infrared Salesman” CT8529-001,20500,US M 11 + more,1495,False,
Nike Vomero Plus Off Noir Pecan Brown Sneakers Retro IO4482-001 Mens Size,13999,US M 9.5 + more,15999,False,
adidas men Barreda Shoes,3800,US M 8.5 + more,6500,True,
Nike Air Jordan 14 Retro Shoes Black University Blue (2026) 487471-007 NEW,19999,US M 8.5 + more,1495,False,
adidas women Runfalcon 5 Running Shoes,3600,US W 7 + more,6500,True,
adidas Adizero Evo SL Black White JP7149 Men New,10399,US M 10 + more,11999,False,
Converse SHAI 001 Charm Black A18977C Men Size,13500,US M 11 + more,1495,False,
Nike Air Jordan 1 Mid SE Shoes Black Olive Gray IB7110-002 Men's Sizes NEW,10439,US M 12 + more,11488,False,
Nike Air Jordan Retro 6 INFRARED SALESMAN Reverse Crimson Red CT8529-001 Men GS,16767,US M 6 + more,1495,True,
adidas women Kaptir Flow 2.0 Shoes,4500,US W 7.5 + more,9000,True,
Air Jordan 1 x Union x Fragment Black and Varsity Red IO7847-002 Men Size,26500,US M 13 + more,1495,False,
adidas men Barreda Decode Shoes,4700,US M 8 + more,0,True,
Size 9.5 - Nike React Element 55 Safari Pack - Bio Beige,3000,Nike React,2200,False,
Size 10.5 - Nike Sabrina 2   Ionescu,13000,US W 10.5,1495,False,
Size 9.5 - Nike React Element 55 Safari Pack - Bio Beige,3000,Nike React,2200,False,
Size 10.5 - Nike Sabrina 2   Ionescu,13000,US W 10.5,1495,False,
Kizik Men’s Athens Lapis Blue Size 11,7298,Kizik,1499,False,
Kizik Men’s Athens Grey Size 11.5,6998,Kizik,1000,False,
ASICS Gel 1130 Black Pure Silver 1201A906-001 Men Size,9500,US M 9 + more,1495,False,
Air Jordan 4 “Black Cat” FV5029-010,22999,US M 13 + more,1495,False,
Nike Air Jordan 14 Retro Black University Blue 2026 Men & GS Size,17997,US M 8.5 + more,1495,False,
PUMA Rocket Fuel Lite Running  Mens Black Sneakers Athletic Shoes 31067704,2995,US M 8.5 + more,6500,True,
Adidas Vario Pure White Black W,,,,False,
Adidas Racer TR23 Solid Grey Blue Burst,,,,False,
Adidas Grand Court Alpha Shadow Navy White W,,,,False,
Adidas Daily 4.0 Clay Black,,,,False,
Adidas Run 60s 2.0 Crew Navy,,,,False,
Adidas Run 60s 2.0 Grey Carbon,,,,False,
Adidas Grand Court 2.0 White Black,,,,False,
adidas Japan Bright Royal,,,,False,
Adidas Lite Racer Adapt 7.0 Black Grey,,,,False,
Nike Court Vision Next Nature Low Triple White,,,,False,
adidas VL Court 3.0 Core White Bright Royal Dark Blue Gum,,,,False,
Nike Court Vision Next Nature Low Triple Black,,,,False,
Nike Court Vision Low Black White,,,,False,
Adidas Lite Racer Adapt 4.0 Black White,,,,False,
Puma Reflect Lite Trail PURE-TEX Black Cool Dark Grey,,,,False,
Adidas Duramo SL Black Solar Red,,,,False,
Puma Inhale Black Green Glare,,,,False,
Adidas Daily 3.0 Dove Grey,,,,False,
Nike Revolution 7 Black White,,,,False,
Adidas Runfalcon 5 Triple White,,,,False,
ASICS Gel-Kayano 14 Black Pure Silver 1201A019-006 Mens New,14099,US M 11 + more,14999,False,
Nike Air Jordan 4 Retro Lakers Imperial Purple Men & GS Size INSTANTSHIP!,18997,US M 8.5 + more,1495,False,
Air Jordan 5 “Wolf Grey” DD0587-002,25000,US M 8.5 + more,1495,False,
REEBOK MENS BLACK SNEAKER 100046160 CLASSIC LEATHER CLIP GX9728,5946,US M 9.5 + more,6995,False,86+ sold
adidas men Lite Racer Adapt 4.0 Shoes,3800,US M 11.5 + more,7000,True,
Nike sneakers Sb size 9.5,8900,Nike,1207,False,
Saucony Men's Endorphin Pro 5 White | Slime (All Sizes) NEW! ✨,20000,US M 14 + more,0,False,
NIB Adidas FORUM LOW CL Purple White Womens Walking Shoes Sneakers Sports US 9,4999,US W 9,0,False,
Nike Air Max 2017 Shoes Triple Black 849559-004 Men's NEW,10508,US M 11 + more,12999,False,
Air Jordan 11 Retro Gamma Blue 2025 CT8012-047 Ship Now,22999,US M 5 + more,1495,False,
Nike Air Max TN Plus 3 Men Shoe Casual Running Trainer US Sneaker,6399,US M 8.5 + more,1299,False,
Nike Air Force 1 Low '07 Triple Black Mens Black Sports Sneaker CW2288-001,12350,US M 11 + more,13000,False,
adidas women CLOUDFOAM FLEX SLOUNGE SHOES,3900,US W 10 + more,6500,True,
Nike Air Jordan 1 Mid SE Shoes Patent Bred Black Red White HV4091-006 Men’s NEW,9764,US M 11 + more,10499,False,
"Adidas Men's Stan Smith Regular fit Shoes - Rubber Outsole, Size & Color Options",10000,US M 8.5 + more,1495,True,
Vans New SlipOn Classic Sneakers Unisex Canvas Shoes All Colors Men's/Women's,5499,US M 8.5 + more,,False,
Nike Air Max 90 PRM Shoes Black Reflective HV4517-002 Men's NEW,10043,US M 8 + more,10799,False,
Nike Air Force 1 '07 PRM Shoes Cargo Khaki Black IQ3370-325 Men's Sizes NEW,10914,US M 10.5 + more,11488,False,
Nike Air Max 95 OG Neon 2026 HM4740-001 Men Size,21900,US M 11 + more,1495,False,
On Cloud 6 Triple White Mens Athletic Running Casual Sneakers New,12971,US M 9 + more,13799,False,
"4"" BLACK NIPPLE PACK, 6 pcs, close - 6""",7512,Brand New,3042,False,
Palm Angels Espadrille White/Black Sneakers Size 42 (9M),23999,Palm Angels,1273,False,
Size 9 - Reebok Classic Nylon Light Grey,5895,Reebok Classic,0,False,
Nike Air Max 2017 Black Size 12,17500,Nike Air Max,1495,False,
Air Jordan 4 “Flight Club” IM4002-100,17999,US M 7.5 + more,1495,False,
On Running Men's Cloudmonster 2 Running Shoes,10800,US M 8 + more,18000,False,
On Running Men's Cloud 6 Shoes,10500,US M 8.5 + more,1495,False,
On Running Cloud 6 All White 3MF10071200 Men's Size New,12729,US M 11 + more,13399,False,
Air Jordan 4 Retro Cave Stone FV5029-200,18999,US M 10 + more,1495,False,
Nike Air Jordan 3 Retro Pure Money White CT8532-111 Men's Sneakers Multi Size,15000,US M 10 + more,1495,False,
Size (9-10-11-12) High Top Skull Sneakers,5000,Converse Chuck Taylor All Star,,False,
Air Jordan 1 HI OG Fearless Women's Black-Metallic Rose Gold CU6690-006 Size 5.5,7000,US W 5.5,1230,False,
Converse Converse Shai 001 Pink A19838C Men Size,15000,US M 9 + more,1495,False,
Air Jordan 1 Retro Low OG 'Medium Olive' HQ6998-200,13900,US M 8 + more,1495,False,
Converse All Star Chuck Taylor Canvas Low Top Men/Women Causal Classic Sneaker,4999,US M 10 + more,0,False,
Nike Air Jordan 13 Retro OG Chicago 2026 White True Red MEN & GS Size,17997,US M 8 + more,1495,False,
New Balance 530 White Natural Indigo GR530SB1 Womens New,8929,US M 7 + more,9499,False,
adidas women Breaknet Sleek Shoes,6500,US W 7 + more,0,True,
Under Armour 3026175 Men's Training UA Charged Assert 10 Running Athletic Shoes,5999,US M 10.5 + more,7500,True,
New Balance 9060 Bisque Sea Salt White U9060CCB MEN & WOMEN Size STEAL!,9997,US M 8.5 + more,1495,False,
"ON Running Men's Cloudrunner 2 White | Green, Assorted Sizes",10500,US M 8 + more,1495,False,
"UNION x Fragment x Air Jordan 1 Retro High OG SP ""Black/Navy"" IO7847-001",53000,US M 9 + more,1495,False,
Running Shoes Sneakers Casual Men's Outdoor Athletic Jogging Sports Tennis Gym,1549,US M 11 + more,0,True,
ASICS Gel-1130 White Black Silver 1201A933-100 Mens New,9587,US M 6 + more,10199,False,
Nike Air Flight II Lite Mid Black Varsity Red White DQ7687-003 Men's,11039,US M 11.5 + more,11999,False,
Nike Air Max 95 OG Neon 2026 HM4740-001 Men Size,23999,US M 11 + more,1495,False,
Nike Air Max 90 Black Tiffany HV6224-001 Men's Size New,14249,US M 12 + more,14999,False,
Reebok Men’s Question Annuel AA Mid X Double Toe White IF7394 New Size 10.5 13,10999,US M 10.5 + more,1495,False,
Nike LeBron 23 The Chosen One & The One Who Chose | IF0694-001 | Size 10.5 - 12,12388,US M 12 + more,1457,False,
Nike Kobe 6 Protro “3D All-Star Hollywood” IQ3902-002,23500,US M 8 + more,1495,False,
"Palm Angels University Origin Suede ""Beige/Black"" Sneakers Size 41 (8M)",24999,Palm Angels,1273,False,
Burberry size 40 91/2 tan shoes womens,15000,US W 9,919,False,
"Palm Angels University Origin Suede ""Beige/Black"" Sneakers Size 41 (8M)",24999,Palm Angels,1273,False,
Palm Angels Snow Slip-On Brown/Beige Sneakers Size 41 (8M),21999,Palm Angels,1273,False,
Kizik Men’s London Black Size 9,7598,US M 9,1599,False,
Saucony Men's Endorphin Pro 5 White | Slime (All Sizes) NEW! ✨,20000,US M 14 + more,0,False,
Double Layers Flat Shoe Laces Strings for Boots Sneakers Athletic Tennis Shoes,899,Brand New,,True,
New Balance 2002R Protection Pack - Rain Cloud M2002RDA Men Size,11900,US M 10 + more,1495,False,
adidas  Yeezy Quantum Lace Up  Mens Beige Sneakers Casual Shoes HQ2085,5495,US M 12 + more,25000,True,
Converse Unisex Adult Chuck Taylor All Star High Top Sneaker M9160C Black,4995,US M 12 + more,0,True,
Adidas Vario Pure White Black W,,,,False,
Adidas Racer TR23 Solid Grey Blue Burst,,,,False,
Adidas Grand Court Alpha Shadow Navy White W,,,,False,
Adidas Daily 4.0 Clay Black,,,,False,
Adidas Run 60s 2.0 Grey Carbon,,,,False,
Adidas Run 60s 2.0 Crew Navy,,,,False,
Adidas Grand Court 2.0 White Black,,,,False,
adidas Japan Bright Royal,,,,False,
Adidas Lite Racer Adapt 7.0 Black Grey,,,,False,
Nike Court Vision Next Nature Low Triple White,,,,False,
adidas VL Court 3.0 Core White Bright Royal Dark Blue Gum,,,,False,
Nike Court Vision Next Nature Low Triple Black,,,,False,
Nike Court Vision Low Black White,,,,False,
Adidas Lite Racer Adapt 4.0 Black White,,,,False,
Puma Reflect Lite Trail PURE-TEX Black Cool Dark Grey,,,,False,
Adidas Duramo SL Black Solar Red,,,,False,
Puma Inhale Black Green Glare,,,,False,
Nike Revolution 7 Black White,,,,False,
Adidas Daily 3.0 Dove Grey,,,,False,
Adidas Runfalcon 5 Triple White,,,,False,
"Nike Men's Court Vision Low NN Black Sneakers Shoes, DH2987-002",6500,US M 11 + more,0,False,
PUMA Inhale Lace Up  Mens Black Sneakers Casual Shoes 40156001,3495,US M 11 + more,10000,True,
New Balance 992 MiUSA Grey Silver Metallic U992GY Mens New,16637,US M 6 + more,17699,False,
New Balance 1000 Triple Black M1000B Men Size,9500,US M 11 + more,1495,False,
Air Jordan 4 Retro Black Cat 2025 FV5029-010 Men Size,29900,US M 12 + more,1495,False,
Palm Angels Snow Puffed Black Sneakers Size 41 (8M),22499,Palm Angels,1273,False,
Burberry size 40 91/2 tan shoes womens,15000,US W 9,919,False,
Palm Angels Logo Red/White Lace-Up Skater Sneakers Size 43 (10M),22499,US M 10,1273,False,
Nike Ja 3 'Cobalt Bliss' Men's - HF2793-400,15000,US M 11 + more,1495,False,
Jordan 3 Retro Wizards CT8532-148 Men's,22095,US M 8.5 + more,1495,False,
Levis x Jordan Air Jordan 3 Retro 'Ecru Denim' Beige Red IR0910-400,17700,US M 9.5 + more,1495,False,
Nike Air Jordan 1 Mid Rare Air USA DQ8426-102 Men’s Shoes NEW,8899,US M 12 + more,1495,False,
Diadora Maverick H.O.C. White Red Italy Mens Full Grain Leather Sneakers,5995,US M 10 + more,,True,
Air Jordan 12 Retro Taxi (2025) CT8013-117 Ship Now,21999,US M 11 + more,1495,False,
"Avia 880 Men’s Basketball Shoes, High Top Retro Sneakers for Indoor or Outdoor",6840,US M 11 + more,7200,False,30+ sold
0nītsuka Tiger MEXīC0 66 1183C102 Casual Sneakers Unisex Size mens womens shoes,6592,US M 8.5 + more,0,False,
Nike Shox NZ Men's Shoes Black White Varsity Red 378341 017,8499,US M 11 + more,1495,True,
PUMA Ca Pro Classic Lace Up  Mens Black Sneakers Casual Shoes 38019002,2995,US M 4 + more,8000,True,
NEW SHOES NIKE AIR GENOME WHITE   DB249 100,8900,US M 10 + more,1495,True,
New NIKE Air Max Men's classic Athletic Sneakers shoes white black all sizes,9995,US M 9 + more,994,False,21+ sold
Palm Angels Palm 1 Hightop Black Strapped Sneakers Size 41 (8M),24999,Palm Angels,1273,False,
Nike ZoomX Zegama Trail 2 Red Stardust Alabaster NEW Women’s Size 6.5,8999,US W 6.5,1495,False,
UGG SALE !!!!Size8US/EU40.5 white BROCK LUXE LEATHER WATERPROOF low top,2500,US M 8,1099,False,
Nike Dunk High Retro Size 10 Black/White,14599,Nike Dunk,1495,False,
Nike Air Jordan 4 Retro 'Lakers' Jordan 4  AJ4 Imperial Purple FV5029-500 Men's,23800,US M 10.5 + more,1495,False,
Nike Air Max Goadome Low SP Taupe / University Red - Black IU5915-200 Men's Size,20000,US M 8 + more,1495,False,
Air Jordan 11 Retro 'China' IM8352-670,23900,US M 9.5 + more,1495,False,
adidas women X_PLR Path Shoes,3900,US W 10.5 + more,6500,True,
Nike AIR MONARCH IV Men's Black 001 Walking Shoes Medium & WIDE (4E) WIDTH,5495,US M 10 + more,0,False,
adidas women Duramo SL 2.0 Running Shoes,3900,US W 6 + more,6500,True,
Kizik Women’s Athens 2 Mole Brown Size 9,6898,US W 9,1000,False,
Palm Angels Logo Cream/White Lace-Up Skater Sneakers Size 41 (8M),21999,Palm Angels,1273,False,
HEELYS Adults Pro 20 Wheels Sneakers Shoes,6000,US M 13 + more,0,False,
US Fragment Travis Scott Air Jordan 1 Retro Low OG Sail Military DM7866-104 4-15,87599,US M 8.5 + more,1495,False,
Nike Air Jordan 6 Retro Reverse Infrared Salesman Jordan 6 2026 CT8529-001 Men's,18400,US M 7.5 + more,1495,False,
Adidas Ultraboost 1.0 DNA Triple Black SZ 8.5-13 Men's HQ4199,10995,US M 10 + more,1495,False,
Nike Air Presto Australia Size M,8000,Nike Air Presto,1495,False,
New Balance 990v4 Made in USA Grey Silver Men's U990GR4,11999,US M 10 + more,1495,True,
PUMA Inhale Lace Up  Mens White Sneakers Casual Shoes 40156013,2995,US M 8 + more,10000,True,
adidas men Grand Court Alpha Shoes,4000,US M 11.5 + more,8000,True,
Converse Cons Blue Mid Kentucky Denim White 1996 A16148C,15999,US M 12 + more,1495,False,
"Onitsuka Tiger Mexico 66 ""Black White"" 1183C102 001 Men's Size 5-13 New",12888,US M 9 + more,1495,False,
Adidas Originals x BAPE Campus 00S (Black/Off White/Gold) Men's Shoes KJ8851,13999,US M 8 + more,1495,False,
Nike Air Jordan 3 x Levi's Retro SP 'Black Denim' IR0914-400 Men's Sizes NEW,19994,US M 9 + more,21499,False,
Nike Shox TL OG White Silver AV3595-100 Men's Size 7.5-13 Brand New,9995,US M 12 + more,1495,False,
Nike Kobe 5 Protro Caitlin Clark Indiana Fever IM3207-400,25999,US M 7 + more,1495,False,
Nike Air Zoom Vapor Pro Low Top Tennise Shoes CZ0220-133 Men's White,10200,US M 13 + more,1495,False,
adidas women Barreda Decode Shoes,5700,US W 7 + more,8000,True,
"Nike Men's Court Vision Low Black/White Sneakers Shoes, HM9862-001",6500,US M 9 + more,0,False,
adidas women ULTRABOOST 1.0 SHOES,10300,US W 5.5 + more,18000,True,
Goodyear Skechers Shoes Men's  Zane Slip Resistant  Size 13 / 7 Hands Free,4900,US M 7 + more,500,False,
Proenza Schouler Track Sneakers Crinkled Metallic Silver/Ecru Sz 39 — NWB,34900,US W 8.5,1000,False,
Nike Dunk High Retro Size 10 Black/White,14599,Nike Dunk,1495,False,
Kizik Women’s Athens 2 Mole Brown Size 9,6898,US W 9,1000,False,
Louis Vuitton Time Out Low Top White Leather Trainers - Women’s Size 42 (US 11,80000,US W 11,1495,False,
NewUgg SALE !! US 7/EUR 39.5Hoyt Luxe Leather High Top Sneakers .,2200,US M 7,1099,False,
Hoka One One Men's Anacapa 2 GORE-TEX Mid Hiking,11999,US M 9 + more,1495,False,
"Nike Men's Court Vision Low NN White Sneakers Shoes, DH2987-100",6500,US M 8.5 + more,0,False,
adidas men Kaptir 4.0 Shoes,6300,US M 8 + more,0,True,
Nike ZoomX Dragonfly 2 Elite White Spruce Running Cleats Men's Size11 FZ9315-102,11000,Nike ZoomX,1495,False,
Adidas Vario Pure White Black W,,,,False,
Adidas Racer TR23 Solid Grey Blue Burst,,,,False,
Adidas Grand Court Alpha Shadow Navy White W,,,,False,
Adidas Daily 4.0 Clay Black,,,,False,
Adidas Run 60s 2.0 Crew Navy,,,,False,
Adidas Run 60s 2.0 Grey Carbon,,,,False,
Adidas Grand Court 2.0 White Black,,,,False,
adidas Japan Bright Royal,,,,False,
Adidas Lite Racer Adapt 7.0 Black Grey,,,,False,
Nike Court Vision Next Nature Low Triple White,,,,False,
adidas VL Court 3.0 Core White Bright Royal Dark Blue Gum,,,,False,
Nike Court Vision Next Nature Low Triple Black,,,,False,
Nike Court Vision Low Black White,,,,False,
Adidas Lite Racer Adapt 4.0 Black White,,,,False,
Puma Reflect Lite Trail PURE-TEX Black Cool Dark Grey,,,,False,
Adidas Duramo SL Black Solar Red,,,,False,
Puma Inhale Black Green Glare,,,,False,
Adidas Daily 3.0 Dove Grey,,,,False,
Nike Revolution 7 Black White,,,,False,
Adidas Runfalcon 5 Triple White,,,,False,
Men's Nike Air Max Plus TN 3 Durable  Anti-Slip Running Shoes in Black & Grey,7498,US M 8.5 + more,599,False,19+ sold
Air Force 1 '07 Men's Multi Size White/White CW2288-111 Fast Shipping,7998,US M 12 + more,1495,False,
adidas women ULTRABOOST 1.0 SHOES,10300,US W 5 + more,18000,True,
On Running Cloudnova Form 2 Black Ivory 3ME30151430 Mens New,11843,US M 8 + more,12599,False,
Brand New Nike Shox R4 Shoes Black Red Metallic Silver HQ1988-002 Men's Sizes,11999,US M 12 + more,1495,False,
Palm Angels University Low-Top Black/White Sneakers SIze 41 (8M),28999,Palm Angels,1273,False,
nike shoes,6000,Nike,1000,False,
Woman's Merrell Moab 3 Hiking Shoes Size 10 NEW,8499,US W 10,1400,False,
Nike Air Max 90 Men Shoe Running Sneaker Variant Color,6998,US M 8.5 + more,1399,False,7+ sold
NEW NIKE AIR FORCE 1 '07 LV8 WHITE /UNIVERSITY RED  DV0789-100,10800,US M 9.5 + more,1495,True,
Adidas Samba Classic White/Black/White [772109] Men's Sizes 6-11,5599,US M 8 + more,0,False,
Vans New SlipOn Classic Sneakers Unisex Canvas Shoes Men's/Women's,3999,US M 10.5 + more,894,False,
PUMA Court Ultra Lite Lace Up  Mens White Sneakers Casual Shoes 38937106,2995,US M 11 + more,6000,True,
adidas  Yeezy Quantum Lace Up  Mens Blue Sneakers Casual Shoes GZ8872,4995,US M 8.5 + more,25000,True,
"DVS Men's Enduro Heir Skate Shoe White/Black/Blue - DV01150004, White/Black/Blue",7600,US M 9.5 + more,,False,
Size 10.5 - Air Jordan 3 Retro Powder Blue,9000,Air Jordan,1495,False,
Mens Fila Original Fitness Sneakers,5999,US M 7 + more,0,False,
New Balance 530 Sneakers White/Natural Indigo 🔥SALE DEAL,6600,US M 7 + more,0,False,
Adidas NMD Racer Primeknit Solar Pink White Mens Running Shoes CQ2442,9999,US M 10 + more,1495,False,
Vans Old Skool 36 LX Pearlized Pack-Black Navy VN000E8VYA6 Ship Now,18700,US M 9.5 + more,1495,False,
NEW in Box Coach Unisex High Line Denim Blue Mens Sneaker Size 8,10990,US M 8,900,False,
James Hunter Vintage Sneakers Grey Mens Casual Size 12,5000,US W 12,0,False,
Kobe 8 protro Team bank Basketball FN0266601 University Red 6.5Y,9500,Kobe Bryant,1207,False,
Palm Angels Snow Slip-On Brown/Beige Sneakers Size 43 (10M),22499,Palm Angels,1273,False,
adidas kids Lite Racer Adapt 7.0 Shoes Kids,4200,US K 12 + more,6000,True,
Nike Air Force 1 Mid '07 All Triple Black Blackout Retro Classic Shoes NEW,15000,US M 9 + more,1495,False,
Brooks Men's Ghost 17 Running Shoes,9674,US M 12 + more,12093,False,
"Versace Men's Trigreca ""Sky+Multi-Color"" Leather Canvas Logo Sneakers Shoes",49999,US M 10 + more,1495,False,
S Sport By Skechers Men's Presley Sneakers,2399,US M 12 + more,5499,True,
Adidas FUTRO MIXR TRAINERS SHOES Running shoes IF1789 Unisex Size,8800,US M 10.5 + more,1495,False,
Ryka Women's Max Cushion Mesh Washable Sneakers-Glide Flintstone Blue,3999,US W 8 + more,0,False,
Ryka Mesh Walking Sneakers Frenzy Seafoam Green,3999,US W 10 + more,0,False,
VANS KNU SKOOL BLACK/WHITE SHOE,6375,US M 12 + more,7500,False,
*NEW* MEN Nike AIR MAX 270 BLACK / BLACK / BLACK (AH8050-005) 👍,11582,US M 9 + more,12321,False,
Nike Air Max Phenomena Loafers Women's Black IM8814-001,14700,US M 5.5 + more,1495,False,
New Balance 990v6 Made In USA MiUSA Workwear Grey Men's Shoe U990TN6 sz 5-12,11019,US M 5 + more,11599,False,
Nike Revolution 7 Black Off Noir Mens Running FB2207-005 NEW Multi Sz,3999,US M 9 + more,0,False,
Nike Air Jordan 4 Retro 'Lakers' Jordan 4 AJ4 Imperial Purple FV5029-500 Men's,26400,US M 8.5 + more,1495,False,
Nike Air Jordan 1 Low Grey White Sneakers Retro 553558-044 Mens Size,8995,US M 12 + more,1495,False,
Adidas Samba OG Trainers Black White Men�s Leather Sneakers B75807 ALL SIZES,7020,US M 9 + more,999,False,
adidas kids Falcon 3 Sport Lace Shoes,3200,US K 3.5 + more,5500,True,
Nike Dunk Low Retro MEN'S White Black Panda DD1391-100 Sneakers Shoes,6998,US M 9 + more,965,True,59+ sold
Nike Air Jordan 11 CMFT Low Barely Green Retro Sneakers CW0784-300,17900,US M 12 + more,1495,False,
adidas men Kaptir 4.0 Wide Shoes,6300,US M 8 + more,9000,True,
On Running Cloud 6 All Black 3MF10071043 Men's Size New,13399,US M 9 + more,1495,False,
AND1 Tai Chi LX Mens Shoes,5990,US M 9 + more,,False,
"adidas Yeezy Slide Dark ""Onyx"" ID5103 Black Slides Men's Sie 6-13 New",11499,US M 11 + more,1495,False,
adidas  Yeezy Quantum Lace Up  Mens Grey Sneakers Casual Shoes Q46473,9495,US M 17 + more,25000,True,
Air Jordan 38 Low Men Basketball Shoes FD2326 107,7697,US M 10.5 + more,1495,False,
S Sport By Skechers Women's Prancie Step-Ins Sneakers,2399,US W 10 + more,5499,True,21+ sold
Men's Waterproof Composite Toe Work High-top With Metatarsa Black - 7.5 Medium,13994,US W 7.5,,False,
Women’s Inkkas Cypress - Sz 6,12500,US W 6,1400,False,
Proenza Schouler Track Sneakers Crinkled Metallic Silver/Ecru Sz 39 — NWB,34900,US W 8.5,1000,False,
Kizik Men’s London AT Grey Size 11,7298,US M 11,1000,False,
Preowned Size 9 - Puma Carina Street White Black,4800,US W 9,883,True,
Kizik Men’s London AT Mid Size 9 Black,9999,US M 9,1207,False,
Nike Ja 3 EP Showstopper HF2794-200 Men Size,12499,US M 8.5 + more,1495,False,
Adidas Originals GAZELLE Men's Size LEATHER Shoes Sneakers ID6105 Black 10 - 14,9999,US M 13 + more,1495,False,
"*NEW* Men Nike P-6000 PRM METALLIC SILVER  (CN0149 001), Sz 8.0 - 13.0 👍",9702,US M 12 + more,10321,False,
Nike Nike Mind 001 Light Bone HQ4307-002 Men Size 💠 New In-Hand,19700,US M 8 + more,1495,False,
Adidas Vario Pure White Black W,,,,False,
Adidas Racer TR23 Solid Grey Blue Burst,,,,False,
Adidas Grand Court Alpha Shadow Navy White W,,,,False,
Adidas Daily 4.0 Clay Black,,,,False,
Adidas Run 60s 2.0 Crew Navy,,,,False,
Adidas Run 60s 2.0 Grey Carbon,,,,False,
Adidas Grand Court 2.0 White Black,,,,False,
adidas Japan Bright Royal,,,,False,
Adidas Lite Racer Adapt 7.0 Black Grey,,,,False,
Nike Court Vision Next Nature Low Triple White,,,,False,
adidas VL Court 3.0 Core White Bright Royal Dark Blue Gum,,,,False,
Nike Court Vision Next Nature Low Triple Black,,,,False,
Nike Court Vision Low Black White,,,,False,
Adidas Lite Racer Adapt 4.0 Black White,,,,False,
Puma Reflect Lite Trail PURE-TEX Black Cool Dark Grey,,,,False,
Adidas Duramo SL Black Solar Red,,,,False,
Puma Inhale Black Green Glare,,,,False,
Adidas Daily 3.0 Dove Grey,,,,False,
Nike Revolution 7 Black White,,,,False,
Adidas Runfalcon 5 Triple White,,,,False,
adidas women Grand Court Alpha Shoes,4700,US W 9.5 + more,8000,True,
Nike Air Jordan 12 Low Golf White Game Royal Men's DM9015-105,10100,US M 10.5 + more,1495,False,
Asics Sportstyle Gel-Kayano 20 White Pure Silver Running Men Shoes 1203A388-100,12825,Brand New,16031,False,
Nike Air Max 95 OG Big Bubble Neon (2026) - ALL SIZES  - HM4740-001,17900,US M 5 + more,1495,False,
Nike Air Force 1 GTX Vibram GORE-TEX Shoes Sneakers Mens Size 9.5 Black New,12499,Nike Air Force,1495,False,
Size 8.5 - Nike Air Max 97 OG QS Metallic Gold,6295,Nike Air Max,500,False,
Ryka Womens Invoke Walking Sneakers Black,3999,US W 9.5 + more,0,False,
Kizik Men’s Lima 2 Alloy 11,7298,Kizik,1000,False,
Presale Nike Air Max 95 OG Big Bubble Neon Paisley Bandana,22999,US M 9 + more,1495,False,
adidas men Daily 4.0 Shoes,4700,US M 6 + more,6500,True,
Vans MTE Harbor Mule VR3 Skate Sneakers Shoes Khaki VN000CW3KHK US 4-13,9890,US M 6.5 + more,10989,False,16+ sold
Nike Air Force 1 Low x Supreme Box Logo - Black - CU9225-001 - SHIP NOW,16499,US M 8 + more,1495,False,
Crocs One Piece Roronoa Zoro 212953-90H Men's Classic Clog NEW,10899,US M 8 + more,1495,False,
Nike Vomero Premium 'Realtree Camo' Black Dark Smoke Grey Camo IO7325-001,24499,US M 10 + more,1495,False,
SALE! Avia Men's 5000 Athletic Performance Lace-up Running Shoes Wide Width,3497,US M 10.5 + more,0,False,36+ sold
Men's Adidas Samba Classic - White/Black/White - [772109] - Size 6.5 - 11.5,5995,US M 10.5 + more,0,False,207+ sold
New Nike Air Zoom Pegasus 41 Black Running Training Gym Shoes Mens HF1536-002,7925,US M 7.5 + more,0,False,
adidas women Questar 3 Running Shoes,5700,US W 8.5 + more,7500,True,
Nike Revolution 8 White / Black Pure Platinum Mens Sneakers Shoes HJ9198 101,5499,US M 12 + more,0,True,
Adidas Xlg Runner Deluxe 'Dark Grey' IH7796 Unisex Men's Shoes New Size,15400,US M 6.5 + more,1495,False,
Kizik Women’s Athens 2 Blue Size 7,7298,US W 7,1000,False,
Kizik Women’s Athens 2 Purple Orchid Size 9,7498,US W 9,1499,False,
Kizik Women’s Athens 2 White Size 7,7498,US W 7,1499,False,
Kizik Women’s Athens 2 Light Blue Size 8,6998,US W 8,1000,False,
adidas kids Breaknet Lifestyle Court Lace Shoes,2700,US K 3 + more,5500,True,
Fat Shoelaces Flat Wide 1cm/2cm 120/140/160cm Color Boot Shoe Laces Sneakers,399,Brand New,0,False,
Hoka One One Bondi SR Harbor Mist / Lunar Rock Mens Size 11 Shoes 1110520-HMLR,11999,US M 11,1495,False,
"adidas Sl 72 Rs Lace Up  Mens Grey, White Sneakers Casual Shoes JS0746",5995,US M 7 + more,10000,True,
ADIDAS VELOSAMBA LEATHER CYCLING BRIGHT BLUE PULSE MAGENTA MENS SIZE 9 & 10.5,9999,US M 10.5 + more,1495,False,
Adidas Hyperboost Edge Running Shoes Red White KI1913,28700,US M 11.5 + more,1495,False,
GALV CORED PIPE PLUG,109,Brand New,980,False,
Nike Air Max 2017 Black Size 12,17500,Nike Air Max,1495,False,
Jordan Jumpman Diamond PF Low White Mismatch - CI1209-101,10000,US M 9 + more,1495,False,
New Balance Men's 574 Core Black Size 8,4500,New Balance,5500,False,
ADIDAS Originals Samba OG Cloud White Core Black B75806 Men's shoes sz 4-13,7200,US M 12 + more,8499,False,
Yeezy Slide Onyx (HQ6448) | New | Sizes 7-13 | FAST SHIP | EBAY AUTHENTICITY,11000,US M 9 + more,1495,False,
Brooks Adrenaline GTS 24 Road-Running Shoes - Men's,8866,US M 13 + more,0,False,
Converse CHUCK TAYLOR All Star Low Top Unisex Canvas Shoes Sneakers NEW,3995,US M 4 + more,0,False,
BILLY Footwear Classic Lace High Sneakers - Black to the Floor - Toddler Size,2299,US M 11 + more,0,False,105+ sold
New Birkenstock Bend Low leather sneakers | For Men and Women | Choose Size,7500,US W 8.5 + more,0,False,
Size 10 Men's Nike Air Max 90 Anthracite/Green Strike DM0029-015 Brand New,8500,Nike Air Max,1495,False,
Adidas top ten,12000,US M 9 + more,1495,False,
Saucony Progrid Omni 9 ‘St. Valentine’ In Red/Black S70739-149 Size 8.0 - 13.0,12500,US M 10.5 + more,1495,False,
Men’s Size 10.5- Nike ZoomX Streakfly 2 Ghost HF6416-001,10449,Nike ZoomX,10999,False,
Asics Gel 1130 'White Pure Silver Black' / 1201B020-100 Expeditedship,12000,US M 11 + more,1495,False,
Nike ACG Zoom Gaiadome GORE-TEX 'Triple Black' DD2858-001 Men's Shoes,19000,US M 10 + more,1495,False,
Size 6.5Y - Air Jordan 11 Retro 2025 Gamma Blue GS 378038-047 NoLid B-Grade,18800,Air Jordan,1495,False,
Adidas FUTRO MIXR Wear resistant And Lightweight Low Top Running - JP8576,9300,US M 10.5 + more,1495,False,
Nike SB Dunk Low Court Purple,14000,US M 9.5 + more,1495,False,
Taos Plim Soul Lux Women's Leather Sneakers – New – Multiple Colors & Sizes,7998,US W 11 + more,0,False,
Palm Angels Logo Black/White Lace-Up Skater Sneakers Size 44 (11M),21999,Palm Angels,1273,False,
Converse XXHI Triple Buckle Strap Wet Stone Knee High Sneaker Bundle Mens 12 NEW,15000,Converse,1021,False,
Palm Angels Logo Cream/White Lace-Up Skater Sneakers Size 39 (6M),21999,Palm Angels,1273,False,
Air Jordan Legacy 312 “Knicks” Black Rush Blue Orange Size 11.5,5000,Jordan,883,False,
Reebok Nano X1 Adventure Work Men's Composite Toe Static-Dissipative Athletic,12499,US M 15 + more,13499,True,
Kizik Women’s London AT MID Black Size 7.5,9699,US W 7.5,1000,False,
Nike Air Max 90 Shoes Platinum Tint Iron Grey DM0029-019 Men's Multi Size NEW,10431,US M 7.5 + more,10980,False,
Palm Angels Logo Slip On Black/White Sneakers Size 43 (10M),22499,US M 10,1273,False,
NEW Nike Air Max SC White Black Athletic Sneakers CW4555-102 Men’s Sizes,5999,US M 11 + more,994,False,16+ sold
Nike V5 RNR Wolf Grey Gum II6292-005 Men's Sizes,5995,US M 9.5 + more,,True,
Adidas Vario Pure White Black W,,,,False,
Adidas Racer TR23 Solid Grey Blue Burst,,,,False,
Adidas Grand Court Alpha Shadow Navy White W,,,,False,
Adidas Daily 4.0 Clay Black,,,,False,
Adidas Run 60s 2.0 Crew Navy,,,,False,
Adidas Run 60s 2.0 Grey Carbon,,,,False,
Adidas Grand Court 2.0 White Black,,,,False,
adidas Japan Bright Royal,,,,False,
Adidas Lite Racer Adapt 7.0 Black Grey,,,,False,
Nike Court Vision Next Nature Low Triple White,,,,False,
adidas VL Court 3.0 Core White Bright Royal Dark Blue Gum,,,,False,
Nike Court Vision Next Nature Low Triple Black,,,,False,
Nike Court Vision Low Black White,,,,False,
Adidas Lite Racer Adapt 4.0 Black White,,,,False,
Puma Reflect Lite Trail PURE-TEX Black Cool Dark Grey,,,,False,
Adidas Duramo SL Black Solar Red,,,,False,
Puma Inhale Black Green Glare,,,,False,
Adidas Daily 3.0 Dove Grey,,,,False,
Nike Revolution 7 Black White,,,,False,
Adidas Runfalcon 5 Triple White,,,,False,
Adidas Y-3 TERREX SWIFT R3 GTX GORE-TEX Sneaker Bliss Tan Beige Brown GZ9166,32999,US M 9 + more,1495,False,
Puma - Roma Basic - 353572 21 (SPECIAL PRICE),4800,US M 11 + more,0,False,
VANS Skate Half Cab Shoes Mid Top Men's (FREEE SHIPPING),4999,US M 13 + more,0,False,
adidas women Cloudfoam Pure 2.0  Shoes,3300,US W 6 + more,7500,True,
MENS NIKE AIR FORCE 1 '07 PREMIUM IQ3472-298-SIZE 11.5,10399,Nike Air Force,12999,False,
Ryka Casual Lace-Up Sneakers Astrid Print Gray Camo,2849,US W 11 + more,2999,False,
LUCKY STEP Women's Platform Glitter Sneakers Sparkly Bedazzled Fashion Shoes,4199,US W 11 + more,0,False,
Kizik Women’s Athens 2 Pink Size 7.5,7198,US W 7.5,1000,False,
"Axel Arigato Clean 90 Women’s Sneakers, White, Size 5, NWOB",17000,US W 5,1000,False,
Converse All Star Chuck Taylor Canvas High Top Men/Women Causal Classic Sneaker,5400,US M 12 + more,0,False,
NIKE Air Force 1 Paint Drip Sneakers / 315115-038 / Men's 11 / Great Shape!,6698,Nike Air Force,728,False,
New Balance 530 White Silver Metallic Polka Dots U530HFW Men Size,16500,US M 8 + more,1495,False,
Reebok Zig Dynamica STR Unisex Shoes,4500,US M 12 + more,7500,True,
adidas kids Grand Court 2.0 Shoes,3000,US K 4 + more,5500,True,
Nike Air Force 1 ‘07 FlyEase White FD1146-100 Men’s Size 10 NIB,8400,Nike Air Force,1495,True,
Nike Mind 002 Black Hyper Crimson HQ4308-001 Men Size,19900,US M 8 + more,1495,False,
adidas kids Grand Court 00s Shoes Kids,3700,US K 3 + more,5000,True,
Size 13 - Adidas Adizero Boston 13 Cloud White Core Black Dash Men’s New JS4939,8999,adidas adizero,1495,False,
Nike Air Zoom Pegasus 41 Wide Cool Grey Bright Crimson MEN'S SIZE FN4932 006,7598,US M 11 + more,7998,True,
[JS0980] MENS ADIDAS FEAR OF GOD ATHLETICS II BASKETBALL LOW 'PUTTY BEIGE',8999,US M 11 + more,18000,False,
Palm Angels Women's Palm Univeristy Low Pink Suede Size 37 (5.5W),21999,US W 5.5,1273,False,
Wolverine Men Raider DuraShocks® Work Shoe Athletic,9196,US M 10 + more,11495,True,
adidas men Adizero Select 3.0 Shoes,9900,US M 11 + more,11000,True,
adidas women Tokyo Shoes,5200,US W 6 + more,9000,True,
Converse CHUCK TAYLOR All Star Low Top Unisex Canvas Shoes Sneakers NEW,3999,US M 4.5 + more,699,False,
Converse Run Star Hike Platform High Sizes 3-11  166800/799 Men And Women Sizing,3999,US M 5 + more,0,False,
Onitsuka Tiger MEXICO 66 Sneakers Unisex 1183C102 16Colors Unisex Size,15000,US M 5.5 + more,3000,False,24+ sold
Nike Vomero Premium Alabaster Blue Void HQ2050-701,24499,US M 10 + more,1495,False,
Adidas Climacool Men’s Running Shoe Athletic Sneakers 4D Footwear Trainers #739,7495,US M 10.5 + more,799,False,
adidas grand court 2.0 gw9195 Mens,3499,US M 12 + more,0,False,
Palm Angels Logo Slip On Black/White Sneakers Size 39 (6M),22499,US M 6,1273,False,
Palm Angels Palm 1 High-Top Blue/White Strap Sneakers Size 40 (7M),27999,Palm Angels,1273,False,
Size 12M- Quai 54 x Jordan Luka 4 Tour Yellow HJ5196-700,12847,Jordan,14600,False,
adidas women Adizero Boston 12 Shoes,8700,US W 5 + more,16000,True,
Reebok Zignition Men's Shoes,3900,US M 10.5 + more,6500,True,
"""NEW"" Adidas Men's Forum 84 Low Sneakers Size 11.5 US",8495,adidas Forum,1495,False,
adidas Men's Throwstar Track and Field Shotput Discus Shot put Sneaker Shoes NEW,4498,US M 11 + more,,True,18+ sold
Nike Air Max Torch 4 Black Grey Red Athletic Sneakers 343846-006 Men's Sizes,6498,US M 10 + more,0,True,
NIKE PEGASUS TRAIL 3 GTX ES CACAO WOW-RUSH ORANGE SZ 15 [DR0137-200],14999,Nike Pegasus,1495,True,
"Hoka Clifton 9 Shoes, Men's Running Shoes, Athletic Sneakers, Sizes 7-8.5",7498,US M 8 + more,1495,True,
Size 7-13 - Converse CONS CTAS Pro Ox Mens Low Top Suede Shoes Sneakers 159574C,4999,US M 11 + more,0,False,18+ sold
Reebok Press Basketball Unisex Shoes,3997,US M 11 + more,7000,True,
Men's Loafer Slip On Athletic Shoes Casual Walking Sneakers Outdoor Sports,2499,US M 12 + more,0,True,
Nike PACIFIC Men's BLACK HQ2052-001 Running Shoes,3995,US M 8.5 + more,0,False,
adidas women Advantage Shoes,3300,US W 10.5 + more,7000,True,
adidas women Forum Bold Stripes Shoes,6100,US W 10 + more,11000,True,
*1-Pair* Adidas Stan Smith Originals 12.5 Sneakers Rubber Sole Navy FX5501,7500,adidas Stan Smith,1495,False,
Adidas Hoops Low Men's Athletic Shoe White Sneaker Footwear Leather Trainer #986,3995,US M 9 + more,0,False,
adidas kids X_PLRPATH Shoes Kids,3300,US K 12 + more,5500,True,
NEW Air Max 90 Men's Size 10 Iron Grey/White-DK Smoke Grey CN8490 002 Fast Ship,8999,Nike Air Max,1495,False,
Reebok Daystart Work Women's Steel Toe Electrical Hazard Athletic Work Shoe,7500,US W 7 + more,8500,True,
Ryka Women's Echo Unwind Slip On Sneakers Black,3999,US W 6 + more,0,False,
Palm Angels Palm 1 High-Top Blue/White Strap Sneakers Size 40 (7M),27999,Palm Angels,1273,False,
Reebok Daystart Work Women's Steel Toe Electrical Hazard Athletic Work Shoe,7500,US W 7 + more,8500,True,
Ryka Women's Echo Unwind Slip On Sneakers Black,3999,US W 6 + more,0,False,
Kizik Women’s Sierra Black Size 8.5,9699,US W 8.5,1000,False,
adidas kids X_PLRPATH Shoes Kids,3300,US K 12 + more,5500,True,
Men’s Nike Dunk High Retro “Panda” Size 11,14500,Nike Dunk,1495,False,
Adidas Vario Pure White Black W,,,,False,
Adidas Racer TR23 Solid Grey Blue Burst,,,,False,
Adidas Grand Court Alpha Shadow Navy White W,,,,False,
Adidas Daily 4.0 Clay Black,,,,False,
Adidas Run 60s 2.0 Crew Navy,,,,False,
Adidas Run 60s 2.0 Grey Carbon,,,,False,
Adidas Grand Court 2.0 White Black,,,,False,
adidas Japan Bright Royal,,,,False,
Adidas Lite Racer Adapt 7.0 Black Grey,,,,False,
Nike Court Vision Next Nature Low Triple White,,,,False,
adidas VL Court 3.0 Core White Bright Royal Dark Blue Gum,,,,False,
Nike Court Vision Next Nature Low Triple Black,,,,False,
Nike Court Vision Low Black White,,,,False,
Adidas Lite Racer Adapt 4.0 Black White,,,,False,
Puma Reflect Lite Trail PURE-TEX Black Cool Dark Grey,,,,False,
Adidas Duramo SL Black Solar Red,,,,False,
Puma Inhale Black Green Glare,,,,False,
Adidas Daily 3.0 Dove Grey,,,,False,
Nike Revolution 7 Black White,,,,False,
Adidas Runfalcon 5 Triple White,,,,False,
NEW Air Max 90 Men's Size 10 Iron Grey/White-DK Smoke Grey CN8490 002 Fast Ship,8999,Nike Air Max,1495,False,
Nike Men's Air Max Terrascape 90 Shoes White Grey DQ3987-101,11999,US M 8 + more,1495,False,
DVS F0000323___ - Men's Comanche 2.0+ (Medium) Leather Skate Shoes,4797,US M 9.5 + more,7995,False,
Nike Air Jordan One Take II Black Metallic SIlver US SZ 9-10.5 Men's CW2457-001,7500,US M 10.5 + more,1495,False,
Nike Air Max Torch 4 Black Grey Red Running Sneakers 343846-006 Mens Size 7-14,4999,US M 7.5 + more,5554,False,
adidas women RUN 70S 2.0 SHOES,7000,US W 11 + more,0,True,
Nike Men’s Air Max 2017 Size 9 Light Bone |849559-005|,8999,Nike Air Max,9999,False,
"KD16 “Pathway Royalties” Size 10 (Still Have Very Good Traction, still have box)",15000,Nike KD,1200,False,
Palm Angels Women's Palm Univeristy Low Pink Suede Size 36 (4.5W),21999,US W 4.5,1273,False,
LUCKY STEP Women's Platform Fashion Sneakers Faux Leather Classic Tennis Shoes,4399,US W 7 + more,0,False,
LUCKY STEP Women's Rhinestone Mesh Slip On Walking Shoes Fashion Glitter Sneaker,3999,US W 8.5 + more,0,False,
"NEW MENS NikeJordan Jumpman MVP BLACK/UNIVERISITY RED, WHITE/YELLOW OCHRE",16495,US M 11 + more,1495,False,
Size 10 - New Balance 990v6 Made in USA Salmon,10499,New Balance 990,1495,False,
Nike Joyride CC3 Setter Size 9.5 10  Black Anthracite AT6395 003,10000,US M 9.5 + more,1495,False,
Air Jordan 5 Retro Wolf Grey Sneakers Size 13,26000,Air Jordan,1495,False,
Nike Lebron Soldier XIV Triple Black Basketball Shoes CK6024-003 Men's Size 12,9397,Nike,1495,False,
One Piece x Crocs Classic Clog Monkey D. Luffy 212125-90H Mens Size 12 Instock,9989,Crocs,1495,False,
New NIB Converse All Star Chuck Taylor 70 Hi High Top Sneakers True Enamel Red,6998,US M 4.5 + more,599,False,
Nike AIR MAX ALPHA TRAINER 5 Iron Pewter DM0829-013 Lace-Up Athletic Sneakers,6995,US M 11 + more,0,False,
[26162925] MENS CLARKS EASTFORD MID,6498,US M 11.5 + more,11000,False,
Adidas Men's Tyshawn Low Activewear/Casual Shoes,7995,US M 14 + more,1495,False,
"Nike Book 2 Black Fragment (Size 7M, 7.5M)",22500,US M 7.5 + more,1495,False,
Dc Work Crew Pure Work Men's Composite Toe Hig Black / Gray / Blue - 11 Medium,12994,DC Shoes,0,False,
LOT of size 13 men’s shoes. All in NEW or excellent condition.,30000,US M 13,4000,False,
Nike Wildhorse 8 Light Silver Khaki - DR2686-005,15400,US M 8 + more,1495,False,
*NEW* Unisex Converse Chuck Taylor All Star Classic Low Optical White (M7652) 👍,4999,US M 9 + more,0,False,67+ sold
Nike Jordan Luka 2 TB Basketball Sneakers Black/White FN7400-100 Mens Size 12,8749,Air Jordan,17499,False,
Nike Zoom Superfly Elite 2 Hyper Pink CD4382-600 Size 10 Track Racing Spikes,10621,Nike Zoom,12495,False,
Air Jordan Spizike Low Safari FQ1759-008 Size 10 + $20 Discount!,8962,Jordan,1495,False,
Nike Zoom 400 Track Shoes GREEN CLEATS AA1205-300 mens womens BRAND NEW in BOX,1922,US M 12 + more,3495,False,
Converse Weapon Low 'Black Vintage White' Men's Athletic Sneakers A11572C NEW,7498,US M 8 + more,994,False,
Merrell Men's Nova 4 Waterproof Trail Running Sneaker,6998,US M 12 + more,14000,False,
Palm Angels Logo Black/White Lace-Up Skater Sneakers Size 41 (8M),21999,Palm Angels,1273,False,
Palm Angels Palm 1 Hightop Black Strapped Sneakers Size 44 (11M),24999,Palm Angels,1273,False,
[100033341/IE4482] Mens Reebok LEGACY LIFTER III,14499,US M 7.5 + more,22000,False,
Nike AIR MONARCH IV Men's White Blue 102 Walking Shoes Medium & WIDE (4E) WIDTH,5495,US M 9 + more,0,False,
Fila Original Fitness Sneakers 11F16LT-970 BLACK/WHITE/RED MEN'S SHOE,3995,US M 8.5 + more,1045,False,
Adidas Campus 00s Sneakers Classic Skateboard  Retro Shoes Men Sizes 7-13 H03472,5900,US M 8 + more,0,False,
Reebok Smash Edge S Mens White Synthetic Lace Up Lifestyle Sneakers Shoes,3799,US M 9 + more,6500,True,
adidas women Cloudfoam Pure Shoes,3500,US W 5.5 + more,7500,True,
Nike AIR MONARCH IV Men's White Black Red 101 Walking Shoes Medium & WIDE WIDTH,4995,US M 7 + more,0,False,
Nike Revolution 7 Black White Running Workout Shoe FB2207-001 Men's Size 8 - 13,3999,US M 11 + more,894,False,
ADIDAS MENS ANTHONY EDWARDS 2_LUCID ORANGE/SILVER METALLIC/GREY KK1390-SIZE 12,10399,adidas,12999,False,
[FZ4150-100] MENS NIKE AIR MAX PLUS G,15499,US M 11 + more,19500,False,
"Autry Medalist Low-Top Sneakers, Brand Size 40 ( US Size 7 )",13674,US M 9 + more,27000,True,
New in Box! Converse Chuck Taylor All Star Hi Top Unisex Classic Canvas Sneakers,4795,US M 11 + more,950,False,
Vibram Five Fingers Yoga Shoes Women's V-Soul Sneaker Dance Shoes US Size 6-8,4888,US W 6 + more,6110,False,
[FY2754] Mens Adidas Seeley,5499,US M 9 + more,6500,False,
Nike Blazer Mid '77 Vintage White Black BQ6806 100,8295,US M 9.5 + more,1495,False,
Nike Air Max 95 Yardrunners Morehouse II7276-001 Size 11 New Damaged Box,15000,Nike Air Max,1495,False,
Nike Air Zoom Vomero 5 Triple Black BV1358-003 Men Size,13900,US M 8.5 + more,1495,False,
Harley-Davidson Grady D96306 Mens Black Leather Lifestyle Sneakers Shoes,6199,US M 9 + more,13000,True,
Nurses Sneakers Medical Shoes Healthcare Worker Nurse Appreciation Gift,4381,US W 5.5 + more,0,False,
OOFOS OOMG Sport LS Low Shoe Women's Black White Flexible Recovery Size 9.5 NEW,5995,US W 9.5 + more,0,False,
Kizik Women’s Athens 2 Purple Orchid Size 8,6998,US W 8,1000,False,
women low top all star sneaker size (7-8-9-10-11),6500,US W 7.5,,False,
Women's Adidas Falcon RX White Leather Slip On Sneakers Sz 8.5,3400,US W 8.5,850,True,
Timberland PRO ANTI-FATIGUE 6” Boots - 10M Men Size,9500,Timberland,2200,False,
Harley-Davidson Grady D96306 Mens Black Leather Lifestyle Sneakers Shoes,6199,US M 9 + more,13000,True,
Palm Angels Logo Slip On Black/White Sneakers Size 38 (5M),22499,US M 5,1273,False,
Vans Sk8-Hi Waterproof Insulated Shoe Black / Black Cushioned Mens Winter Boots,18995,US M 11 + more,1495,False,
Adidas Climacool Lace Men’s Athletic Shoe White Sneaker Trainer Footwear #637,7995,US M 9.5 + more,0,False,44+ sold
Adidas Vario Pure White Black W,,,,False,
Adidas Racer TR23 Solid Grey Blue Burst,,,,False,
Adidas Grand Court Alpha Shadow Navy White W,,,,False,
Adidas Daily 4.0 Clay Black,,,,False,
Adidas Run 60s 2.0 Crew Navy,,,,False,
Adidas Run 60s 2.0 Grey Carbon,,,,False,
Adidas Grand Court 2.0 White Black,,,,False,
adidas Japan Bright Royal,,,,False,
Adidas Lite Racer Adapt 7.0 Black Grey,,,,False,
Nike Court Vision Next Nature Low Triple White,,,,False,
adidas VL Court 3.0 Core White Bright Royal Dark Blue Gum,,,,False,
Nike Court Vision Next Nature Low Triple Black,,,,False,
Nike Court Vision Low Black White,,,,False,
Adidas Lite Racer Adapt 4.0 Black White,,,,False,
Puma Reflect Lite Trail PURE-TEX Black Cool Dark Grey,,,,False,
Adidas Duramo SL Black Solar Red,,,,False,
Puma Inhale Black Green Glare,,,,False,
Adidas Daily 3.0 Dove Grey,,,,False,
Nike Revolution 7 Black White,,,,False,
Adidas Runfalcon 5 Triple White,,,,False,
MUNICIPAL Sportcross ATG Golf Shoe Sneaker Various Colors Men US Sizes 7-15 NIB,14994,US M 8.5 + more,0,False,
Adidas Handball Spezial,7189,US M 7 + more,999,False,
Size 16 - Men’s Lightweight Breathable Athletic Shoes,1599,Unbranded,599,False,
adidas Ultraboost 5X Running Shoes Mens 11 Off White Better Scarlet JS1928,8999,adidas UltraBoost,1495,False,
New Balance 204L Shoreline Blue Burgundy Mens Sports Sneaker U204LNPA,13204,US M 9.5 + more,13899,False,
Alexander McQueen PUMA Leather High Top Sneakers Size 13 Men's Blue/Red Lace Up,12400,US M 13,984,False,
BRAND NEW IN BOX - Salomon XT PU.RE Advanced Ice Flow / Silver - L47858700 W7.5,20000,Salomon XT,1495,False,
Louis Vuitton Cosy Flat Comfort Clog New with box never worn- Size 5 Never worn!,75000,Louis Vuitton,1495,False,
Nike Air Force 1 '07 PRM (AR5339-201) Women's Pink Sneakers - Size 9,8000,Nike Air Force,1495,False,
New Balance 1000 Deep Ocean M1000S Men Size,9500,US M 9.5 + more,1495,False,
Kizik Women’s London AT Mid Blue Size 7.5,9699,US W 7.5,1000,False,
Nike Shox R4 Metallic Gold Black (2025) Men's HQ1988-700 New Sneakers,13497,US M 11.5 + more,1495,False,
Converse Chuck Taylor All Star High Top Unisex Canvas Shoes Sneakers NEW,4295,US M 4 + more,0,False,
Nike PROMINA Men's Black FV5285-001 Walking Comfort Shoes,4995,US M 11 + more,0,False,41+ sold
IB7025-200 Nike Air Max DN NRG Camo (Men's),14400,US M 10 + more,1495,False,
Adidas Samoa Core Black White Mens Athletic Sneaker,6795,US M 9 + more,,True,13+ sold
Reebok Classic Club C 85 White Sheer Gray AR0455 Mens Casual Shoes Sizes 7.5-13,6495,US M 11 + more,0,False,91+ sold
*NEW* Men NIKE Air Jordan 1 Low Summit White / Varsity Red (553558 166)👍,8621,US M 9 + more,11221,False,
"New in Box Vans Classic Slip-On Canvas Sneakers Charcoal, Fast Shipping",3495,US M 6 + more,1095,False,
Vans Authentic Classic Sneakers Unisex Canvas Shoes New In Box,3999,US M 9.5 + more,794,False,90+ sold
Kizik Women’s Juno Surf Spray/Green Size 7,9699,US W 7,1000,False,
Palm Angels Logo Slip On Black/White Sneakers Size 41 (8M),22499,US M 8,1273,False,
Reebok Campio XT Mens White Leather Lace Up Lifestyle Sneakers Shoes,3499,US M 9 + more,6500,True,
NEW Nike Air Jordan 6 Rings White Dark Marina Blue Sport 322992-114 Mens Size 10,14999,Jordan,19999,False,
[DV8982] Mens Reebok Workout Plus RC 1.0,6798,US M 11.5 + more,8500,False,11+ sold
Nike Air Huarache DD1068-110 White Blue Emerald Men's NEW IN BOX DS Retro,8098,US M 8 + more,8999,False,
Size 14-Men’s Nike Metcon 8 Smoke Grey White Gum Training Shoes DO9328-002 NEW,9995,Nike Metcon,1495,False,
[Q46188] Mens Adidas SL20.2 M,6998,US M 10.5 + more,11000,False,
Hoka One One Arahi 8 Running Shoes Mens Sz 10 2E Wide Triple Black 1168710/BBLC,11995,Hoka One One Arahi,1495,False,
Men's Nike LeBron 16 Black Hot Lava US Sizes 9.5-10.5 Brand New -DS- CI1521-001,19900,US M 10 + more,1495,False,
Palm Angels Logo Red/White Lace-Up Skater Sneakers Size 41 (8M),22499,US M 8,1273,False,
Palm Angels Palm 1 Hightop Black Strapped Sneakers Size 43 (10M),24999,Palm Angels,1273,False,
Reebok Classic Leather Big Boy's Shoes - Grade School,2997,US M 3.5 + more,6000,True,
Nike V5 RNR Men's CEMENT ANTHRACITE HJ5228-004 Running Shoes,5995,US M 7 + more,0,False,
Nike Men's Zoom Court Pro HC Tennis Shoes (Black/White),9995,US M 8.5 + more,1495,False,
Clarks Mens Wave 2.0 Vibe Black Leather Active Sneakers Shoes,5999,US M 7 + more,15000,True,
NEW Nike Air Max 270 GS White Limelight 943345-123 Women's Size 8.5 / Sz 7Y,10995,Nike Air Max,1495,False,
adidas women Avacourt 2 Tennis Shoes,6500,US W 11 + more,15000,True,
Converse Unisex Adult Chuck Taylor All Star High And Low Top Black White Blue,3999,US M 4 + more,0,False,
DVS - Comanche Shoes - Charcoal Black Gum White,5995,US M 11.5 + more,711,False,
Jordan Franchise Black Dark Grey Mens Athletic Sneaker,7995,US M 9.5 + more,1495,True,
Salvatore Ferragamo Manhattan White Red Leather Men Sneaker Shoes Gancini 11.5,26399,Salvatore Ferragamo,32999,False,
adidas men Lite Racer Adapt 4.0 Shoes,3500,US M 11 + more,6500,True,
Converse Men's Chuck Taylor All star High Top Sneakers Kicks Streetwear Shoe NEW,8999,US M 9.5 + more,1499,False,
Converse Chuck Taylor All Star OX Unisex Black Low Textile Sneakers,2995,US M 10 + more,6500,True,
PUMA Slipstream Lace Up  Mens White Sneakers Casual Shoes 38854901,2995,US M 12 + more,8500,True,
"Nike Little Foamposite One Ice Blue Sneakers, Size 7Y / 8.5W BNIB HJ7654-400",13999,Nike Foamposite,1495,False,
Vans Slip on Black White Black/White Slip-On Shoes ALL SIZES,3032,US M 12 + more,999,False,
Altra Lone Peak 9 Black Trail Shoes,11998,US M 10 + more,14000,False,
Mens Running Shoes Sneakers Casual  Outdoor Athletic Jogging Sports Tennis Gym,1961,US M 12 + more,2249,False,
new balance womens shoes 8.5 Wrzhlp1,2000,US W 8.5,919,False,
RARE REE BOPPERS 2 REEBOX X RVCA Unisex  Slip on Shoes Size US 5 in olive/gum,7500,Reebok,626,False,
RARE REE BOPPERS 2 REEBOX X RVCA Unisex  Slip on Shoes Size US 5 in olive/gum,7500,Reebok,626,False,
Fila Memory Viable Women's Slip-Resisting Work Athletic Shoe,4079,US W 6 + more,5099,True,
Kizik Women’s London Surf Spray Size 6,6498,US W 6,1000,False,
Kizik Men’s Athens BLUE Size 9,7298,Kizik,1000,False,
Under Armour 3028371 Men's UA Charged Bandit Trail 3 Running Hiking Shoes,5995,US M 10 + more,8000,True,
Kizik Women’s London Purple Size 8,6600,US W 8,1599,False,
adidas men Adistar Control 5 Shoes,10500,US M 10 + more,12000,True,
Men's Nike V2K Run Black/DK Smoke Grey-Anthracite (HJ4497 001),10495,US M 9.5 + more,1495,True,
Adidas Vario Pure White Black W,,,,False,
Adidas Racer TR23 Solid Grey Blue Burst,,,,False,
Adidas Grand Court Alpha Shadow Navy White W,,,,False,
Adidas Daily 4.0 Clay Black,,,,False,
Adidas Run 60s 2.0 Crew Navy,,,,False,
Adidas Run 60s 2.0 Grey Carbon,,,,False,
Adidas Grand Court 2.0 White Black,,,,False,
adidas Japan Bright Royal,,,,False,
Adidas Lite Racer Adapt 7.0 Black Grey,,,,False,
Nike Court Vision Next Nature Low Triple White,,,,False,
adidas VL Court 3.0 Core White Bright Royal Dark Blue Gum,,,,False,
Nike Court Vision Next Nature Low Triple Black,,,,False,
Nike Court Vision Low Black White,,,,False,
Adidas Lite Racer Adapt 4.0 Black White,,,,False,
Puma Reflect Lite Trail PURE-TEX Black Cool Dark Grey,,,,False,
Adidas Duramo SL Black Solar Red,,,,False,
Puma Inhale Black Green Glare,,,,False,
Adidas Daily 3.0 Dove Grey,,,,False,
Nike Revolution 7 Black White,,,,False,
Adidas Runfalcon 5 Triple White,,,,False,
adidas Stan Smith Fairway Size 9.5 Men’s Shoes M20324 White Green,6300,adidas Stan Smith,0,False,
Jordan Spike Forty BHM Black White Volt Mens Black History Month Sneaker,22995,US M 10.5 + more,1495,True,
"11.5~New Balance FuelCell Rebel V3 Running Shoe, Cosmic Pineapple SIZE 11.5M NEW",12900,New Balance FuelCell,1495,False,
Nike Journey Run Shoes Mens White Metallic Silver Running FN0228-104,6998,US M 9 + more,0,True,
FN0344 901 Air Jordan 3 Retro SP J Balvin Medellin,35700,US M 8 + more,1495,False,
Nike Pegasus Premium Women’s Running Shoes Pink Foam HQ2592-604 New Sz 7.5,18995,US W 7.5,1495,False,
Ryka Washable Recovery Slip-Ons Revive Black,4499,US W 7 + more,0,False,
Ryka Washable Recovery Slip-Ons Revive Green,4499,US W 8 + more,0,False,
Ryka Women's Devo Plus 5 Walking Sneakers Nile Blue,4999,US W 8.5 + more,0,False,
Nike Flex Control TR4 White Black White Dark Blue CD0197-009 Sneakers Shoes,5495,US M 10 + more,0,False,
SAYSH ONE Unisex M 10.5 W 11.5 Running Shoes Splatter Glow In The Dark,3599,US W 11.5,3999,False,
Men’s adidas Pureboost Hi-Res Red Black Running Shoes Sneakers DPR BB6294,8000,US M 12 + more,1495,False,
Skechers Men's Lace-Up Verse Swift Fit Memory Foam Athletic Shoe,3999,US M 11 + more,7998,True,
New Nike Lebron XX 20 The Debut DJ5423-100 Mens Basketball Shoes Size 16,15900,Nike LeBron,1495,True,
Ewing Athletics Concept Anthony Mason Tribute Mens Black Sneakers Shoes,4399,US M 6 + more,15000,True,
adidas men Subzone Shoes,6200,US M 11.5 + more,7000,True,
Size 9.5 Men’s Nike Tiempo Legend FG Ronaldinho Touch Of Gold IF4388-100 New,31900,Nike Tiempo Legend,1495,False,
NIKE MEN'S GATO BLACK/WHT SNEAKERS,9200,US M 11.5 + more,11500,False,
adidas Unisex-Adult Audi Formula One Team Vl Court,12099,US M 10 + more,1495,True,
adidas Disney ADIDAS X TRON ARES LIGHTBLAZE Kevin Flynn HQ5058 Unisex-Adult,12495,US M 11.5 + more,1495,False,
Ryka Lace-up Training Sneakers Influence Black/Green/Gray,4799,US W 9.5 + more,0,False,
"Palm, Angels Women's Palm One ""Animations""Sneaker Size 37 (5.5W)",17999,US W 5.5,1273,False,
Men's Nike Air Max LTD 3 White/White-White 687977 111,12999,US M 9.5 + more,1495,False,
Adidas Superstar Black White Sneakers Retro OG EG4959 Mens Size,6648,US M 11 + more,6998,True,
BRAND NEW Nike LeBron XXII 22 'What the Currency x Monopoly' Men's HV8080-300,10799,US M 13 + more,1495,False,
DC SHOES MENS GAVELER SUEDE LOW RETRO CASUAL SKATEBOARD SNEAKER SHOES,7498,US M 8.5 + more,999,False,
PUMA X Ray 2 Square Lace Up  Mens White Sneakers Casual Shoes 37310807,2495,US M 7 + more,7500,True,
New Hoka M Bondi 9 (#1162011) MEN'S Tennis Shoe | SZ 9D 9.5D 12D | You Choose,8495,US M 12 + more,1218,False,
Size 18 Nike Adapt BB 2.0 White Cement BQ5397-101 White/Black-wolf Grey Blanc,15000,Nike Adapt,1495,False,
Adidas Yeezy Boost 700 MNVN Sportswear Sneakers Yellow GZ0717 Men's Sizes,6995,US M 9 + more,,False,
Adidas NEO Super Wedge Size:5 Pink/White STUDS,5999,US W 5,1200,False,
Palm Angels Girl's Palm 1 Low White/Pink Sneakers Size 34,19999,Brand New,1116,False,
Converse One Star Pro Suede Shoes - Egret/White 172950C Mens CHOOSE SIZE,4999,US M 8 + more,0,False,
Authentic PUMA Extent Nitro PRM Frosted Ivory-White Men's Casual Sneakers Shoes,5799,US M 8.5 + more,0,False,
Nike Kobe 9 Low Protro Mambacita Black Grey GS FV3607-002 Size 6.5Y,9000,Nike Kobe,1495,False,
adidas Yeezy Slide Onyx HQ6448,10999,US M 12 + more,1495,False,
Under Armour 3027000 Men's UA Surge 4 Running Athletic Training Gym Shoes,5999,US M 11 + more,6500,True,
Nike Shoes Mens Red Tanjun University Running Sneakers Mesh Low 812654-616,6000,US M 11 + more,7500,False,
"*NEW* MEN Nike AIR KUKINI Triple Black (DV0659 001), Sz 8.5 - 12.0👍",12052,US M 9 + more,12821,False,
FitVille Men's Wide Walking Shoes Athletic Sneakers Lightweight Workout Slip-on,5090,US M 11 + more,0,False,
Nike Air Max 270 White Persian Violet BRAND NEW Size 7.5,11497,Nike Air Max,1495,False,
Nike Air Zoom Victory Tour Black Leather Men's Golf Shoes AQ1479-001 - Size 9,8997,Nike Air,1495,False,
"adidas  Yeezy Quantum Lace Up  Mens Beige, Blue, Orange Sneakers Casual Shoes HP",4995,US M 9.5 + more,25000,True,
Nike Mens Hypershift 844369-410 Blue Running Shoes Sneakers Size 10,11999,Nike Hypershift,1495,False,
Merrell Men Moab 3 Mid Wide Width Shoes,15000,US M 11 + more,,True,
NEW BALANCE 1906A Black Dragon Berry Pink U1906AD Men's Size 9 / 10.5W,14499,New Balance 1900 Series,1495,False,
FILA DISRUPTOR II MENS SNEAKER BLACK/WHITE/RED FW01653-018 FASHION SHOE,4995,US M 10 + more,1045,False,
Nike Air Zoom Pegasus 41 Astronomy Blue Running  FD2722-401 Men’s Sizes 8-12.5,8995,US M 8 + more,1495,False,
Hoka One One Bondi SR Harbor Mist / Lunar Rock Mens Size 11.5 Shoes 1110520-HMLR,11999,Hoka One One,1495,False,
Asics Gel Kayano 32 Mens 10 D Running Shoes Gym Training White Pure Silver NWB,11996,ASICS GEL-Kayano,1495,False,
Kizik Men’s London AT Ash Size 10,7298,US M 10,0,False,
VANS Old Skool Color Theory Beige Size: 6m 7.5w,2499,VANS Old Skool,0,False,
Ryka Women's Washable Recovery Slip-Ons Revive Dusty Blue,4499,US W 8.5 + more,0,False,
NEW Schneider Electric LV432878 Compact NSX630F Micrologic 5.3 A 630 A - 3P 3D,45900,Brand New,0,False,
Ryka Washable Stretch Knit Slip-Ons Jumpstart Paloma Gray,3999,US W 11 + more,0,False,
Luxury Bath and Body Oil 8 fl oz,2598,Bee,0,False,
Asics Gel Kayano 32 Mens 10 D Running Shoes Gym Training White Pure Silver NWB,11996,ASICS GEL-Kayano,1495,False,
"NEW Schneider Electric LV429407 MN - 208..277 V 60Hz, 220..240V 50/60Hz",4355,Brand New,0,False,
Nike Air Zoom Structure 24 'Black Ashen Slate' DA8535-008,13999,US M 13.5 + more,1495,False,
Nike Air Max 1 Essential Light Bone/Psychic Blue (FZ5808 009),10000,US M 7.5 + more,1495,False,
Adidas Vario Pure White Black W,,,,False,
Adidas Racer TR23 Solid Grey Blue Burst,,,,False,
Adidas Grand Court Alpha Shadow Navy White W,,,,False,
Adidas Daily 4.0 Clay Black,,,,False,
Adidas Run 60s 2.0 Crew Navy,,,,False,
Adidas Grand Court 2.0 White Black,,,,False,
Adidas Run 60s 2.0 Grey Carbon,,,,False,
adidas Japan Bright Royal,,,,False,
Adidas Lite Racer Adapt 7.0 Black Grey,,,,False,
Nike Court Vision Next Nature Low Triple White,,,,False,
adidas VL Court 3.0 Core White Bright Royal Dark Blue Gum,,,,False,
Nike Court Vision Next Nature Low Triple Black,,,,False,
Nike Court Vision Low Black White,,,,False,
Adidas Lite Racer Adapt 4.0 Black White,,,,False,
Puma Reflect Lite Trail PURE-TEX Black Cool Dark Grey,,,,False,
Adidas Duramo SL Black Solar Red,,,,False,
Puma Inhale Black Green Glare,,,,False,
Adidas Daily 3.0 Dove Grey,,,,False,
Nike Revolution 7 Black White,,,,False,
Adidas Runfalcon 5 Triple White,,,,False,
NIKE HM9862 001 COURT VISION LOW BLACK/WHITE TENNIS SHOES SNEAKERS NIB UNISEX,5995,US M 12 + more,1300,False,
Sézane x New Balance 471 Ecru Brown - U471SE,32100,US M 6.5 + more,1495,False,
adidas Superstar London - JQ3224,15100,US M 10 + more,1495,False,
Adidas Pharrell NMD S1 HumanRace ID7413 Platform Sneaker Shoes Men’s New,10999,US M 13 + more,1495,False,
[FN4699-100] MENS NIKE GP CHALLENGE PRO HC PREMIUM 'SANDDRIFT METALLIC GOLD GUM,11999,US M 10 + more,13000,False,
Nike Air Jordan 11 Tokyo Light Bone And Phantom IQ3459-072 Men's Size,35286,US M 5 + more,1495,False,
Merrell Men Moab 3 Shoes,12599,US M 7 + more,,True,
Merrell Men Moab 3 Waterproof Shoes,16000,US M 7 + more,,True,
Merrell Men Moab 3 GORE-TEX® Shoes,16000,US M 7.5 + more,,True,
Nike Air Huarache LE Men's Multi Size Desert Oak/Reed-Light Straw DD1381-200,9499,US M 9 + more,1495,False,
Mens Hands Free Slip On Walking Athletic Slip In Sneakers Shoes Lightweight,3999,US M 13 + more,0,True,
NEW Nike Reax 8 TR Mesh Black White Training Shoes 621716-033 Mens Sizes,5999,US M 11.5 + more,994,False,
PUMA Reflect Lite Trail Ptx Running  Mens Black Sneakers Athletic Shoes 31009501,3995,US M 11 + more,7500,True,
adidas Yeezy Slide Bone (2022/2023 Restock) FZ5897,10999,US M 7 + more,1495,False,
ASICS GT 2160 White Pure Silver - 1203A275-110,12800,US M 7.5 + more,1495,False,
Nike Air Zoom Pegasus 39 Olive Green White Running Shoes DH4071-300 Mens Size,5799,US M 12 + more,0,True,
Vans Vault x Julian Klincewicz Bold NI (Community) Eden Green Mens Sneakers,11495,US M 8.5 + more,1495,True,
New Balance 878 Gray - CM878MC1,11900,US M 12 + more,1495,False,
SIZE 9.5 - NEW Nike Air Zoom GT Hustle 3 Red Stardust Pink FV5953 602 SNEAKERS,18399,Nike Air,19999,False,
"adidas Dame 9 Basketball  Mens Blue, White Sneakers Athletic Shoes JH6625",6995,US M 9 + more,12000,True,
Merrell Men Moab Adventure 3 Shoes,14000,US M 15 + more,,True,
JACKSHIBO Men's Lace Up Hands Free Wide Toe Box Shoes Arch Support Wide Sneakers,3599,US M 11 + more,0,True,
Adidas Ultraboost 2.0 City Series Seoul EH1711 Running Shoes,13000,US M 8 + more,1495,False,
Ewing Athletics Kross 1EW90133-030 Mens Black Lifestyle Sneakers Shoes,5499,US M 8.5 + more,15000,True,
Men's 7 / Women's 8.5 Nike Air Max Dn Roam Water-repellent Shoes HQ8605-002,9970,Nike Air Max,1495,False,
BRAND NEW Adidas F50 Elite Men's Laceless SG 'Celestial Victory Pack' IE1278,6998,US M 9 + more,1495,False,
Nike Air Zoom Maxfly 2 Glam Fierce Purple Pink Blast - IM9129-500,20700,US M 6 + more,1495,False,
Adidas Jabbar Lo “Game of Death” Bruce Lee Colorway Size 8 Authentic JR1597,11047,adidas Jabbar,1495,False,
Nike Blazer Mid 77 Jumbo Size 12.5 Shoes White Black Big Swoosh Sneakers,10000,Nike Blazer,1495,False,
Nike Men Air Trainer 1 SB LVIII Anthracite Silver FJ6195 001  Size 14  Sneakers,6498,Nike Air,2510,False,
Mens Wide-Toe Box Shoes Arch Support Wide Width Sneakers for Running Athletic,3599,US M 13 + more,0,True,
Nike Air Jordan 5 Retro OG Black Fire Red Metallic Silver Men’s Limited Edition,18900,US M 8.5 + more,0,False,
Nike Shox TL SE Black Blue Grey Black IQ6599-001 Men's Size,32460,US M 10.5 + more,1495,False,
Hoka One One HOKA Bondi Mary Jane Black - 1171546-BBLC,24600,US M 5 + more,1495,False,
[DQ4122-100] Mens Air Jordan 37 LOW 'SIREN RED',13999,US M 9 + more,17500,False,
Nike Phantom GX 2 ACC Elite FG Mad Ambition Blue Fury FJ2559-400 Men Size 10 New,16917,Nike Phantom,17997,False,
ADIDAS RACER TR21 X LEGO® SHOES HQ8871 black/yellow/red,13500,US M 12 + more,1495,False,
Pro-Keds Royal Lo Lace Up Men's Size 10 (M) White Leather Shoes Sneaker NWB,3099,Pro Keds,799,False,
Nike Air Shox NZ 2.0 Black Dark Grey Lime Mens Athletic Sneaker,19995,US M 13 + more,1495,True,
Men’s Nike Zoom SD 4 - “Bright Crimson/Washed Coral” - Size 15 (New In Box),7500,Nike Zoom,1495,False,
Lionel Messi x adidas Samba Indoor Cream White Mens's Sizes 8.5 & 10.5 - JQ0266,7900,US M 8.5 + more,1495,False,
PUMA Wild Rider Route Lace Up  Mens Size 7 M Sneakers Casual Shoes 38159702,2495,PUMA,10000,True,
adidas men Lite Racer Adapt 4.0 Shoes,3500,US M 11 + more,6500,True,
Adidas Men's Gazelle Casual/Activewear Shoes,8295,US M 6 + more,1495,False,
"Under Armour 3026518 Men's UA Charged Pursuit 3 Big Logo Shoes, White, Size 8.5",3995,Under Armour,7500,True,
DVS - Celsius Shoes - Black White Black,5995,US M 13 + more,711,False,
Converse Chuck Taylor Low Top Leather Black White Sneakers Men's Women's New,8999,US M 12 + more,1499,False,
On Running Cloudmonster Moon Fawn (Women's) 61.97785 New,12997,US M 9 + more,1495,False,
Calvin Klein Garron CMGARRON Mens White Synthetic Lifestyle Sneakers Shoes,2099,US M 11.5 + more,11000,True,
Adidas Men's Grand Court 2.0 'Black White' Shoes GW9196,3699,US M 12 + more,1299,False,
Merrell Men Moab 3 Wide Width Shoes,14000,US M 11.5 + more,,True,
Men's Adidas Samba Classic - White - No Box - [772109] - Size 6.5 - 13,5295,US M 11 + more,0,False,
